name,extension,execute_time,created_time,modified_time
C:\Bitnami\wampstack-8.0.13-0\apache2\htdocs\main\delete.php,php,2021-11-26 오후 9:22:08,2021-11-26 오후 9:22:08,2021-11-27 오후 9:56:15
C:\Program Files\Java\jdk-17.0.1\bin\javaw.exe,exe,N / A,2021-11-27 오전 12:37:58,2021-11-27 오전 12:37:58
C:\ProgramData\Microsoft OneDrive\setup,,2022-12-12 오후 7:14:36,2021-10-07 오전 3:23:13,2021-10-07 오전 3:23:13
C:\Temp,,2022-11-28 오후 5:31:49,2021-10-07 오후 7:29:40,2022-05-21 오후 2:01:25
C:\Temp\t.txt,txt,2022-11-28 오후 5:31:49,2022-05-21 오후 2:01:25,2022-05-21 오후 2:01:25
C:\Users\User\AppData\Local\Programs\Python\Python310\Lib,,2022-12-13 오전 12:30:00,2021-10-07 오후 9:30:06,2021-10-07 오후 9:30:16
C:\Users\User\AppData\Local\Programs\Python\Python310\Lib\dis.py,py,2022-12-13 오전 12:30:00,2021-10-04 오후 7:12:04,2021-10-04 오후 7:12:04
C:\Users\User\AppData\Roaming\Microsoft\Windows\Recent\AutomaticDestinations\1ced32d74a95c7bc.automaticDestinations-ms,automaticDestinations-ms,2022-05-02 오전 4:35:11,2022-09-18 오후 8:53:55,2022-12-16 오후 8:32:37
C:\Users\User\AppData\Roaming\Microsoft\Windows\Recent\CustomDestinations\1ced32d74a95c7bc.customDestinations-ms,customDestinations-ms,2022-05-02 오전 4:36:52,2021-10-07 오후 9:27:27,2022-12-16 오후 8:33:50
C:\Users\User\Desktop,,2022-12-13 오전 1:08:17,2021-10-07 오전 3:20:52,2022-12-13 오전 1:05:43
C:\Users\User\Desktop,,2022-12-13 오전 10:32:49,2021-10-07 오전 3:20:52,2022-12-13 오전 10:30:32
C:\Users\User\Desktop,,2022-12-13 오후 12:34:51,2021-10-07 오전 3:20:52,2022-12-13 오후 12:32:41
C:\Users\User\Desktop,,2022-12-12 오후 7:13:24,2021-10-07 오전 3:20:52,2022-12-11 오후 9:07:29
C:\Users\User\Desktop,,2022-12-13 오전 10:06:38,2021-10-07 오전 3:20:52,2022-12-13 오전 1:36:58
C:\Users\User\Desktop,,2022-12-13 오전 12:57:38,2021-10-07 오전 3:20:52,2022-12-13 오전 12:56:14
C:\Users\User\Desktop,,2022-12-12 오후 11:47:05,2021-10-07 오전 3:20:52,2022-12-12 오후 11:38:22
C:\Users\User\Desktop,,2022-12-13 오전 1:18:06,2021-10-07 오전 3:20:52,2022-12-13 오전 1:14:40
C:\Users\User\Desktop,,2022-12-17 오후 1:31:45,2021-10-07 오전 3:20:52,2022-12-17 오전 12:07:40
C:\Users\User\Desktop,,2022-12-17 오후 1:31:45,2021-10-07 오전 3:20:52,2022-12-17 오후 1:31:48
C:\Users\User\Desktop\(붙임2) 2022 SCH AI·SW Festival_포스터양식_정보보호학과.pptx,pptx,N / A,N / A,N / A
C:\Users\User\Desktop\0001.png,png,N / A,N / A,N / A
C:\Users\User\Desktop\0002.png,png,N / A,N / A,N / A
C:\Users\User\Desktop\0003.png,png,N / A,N / A,N / A
C:\Users\User\Desktop\07 스택 프래임 변조 - BO (1).pptx,pptx,N / A,N / A,N / A
C:\Users\User\Desktop\1. AMLCFT 관련 위험평가 및 위험기반접근법 처리 기준.hwp,hwp,N / A,N / A,N / A
C:\Users\User\Desktop\1.2v캡스톤 2학기 12주차.pptx,pptx,N / A,N / A,N / A
C:\Users\User\Desktop\1003 DF ATT&CK 주간보고서 1주차.hwp,hwp,N / A,N / A,N / A
C:\Users\User\Desktop\1016 DF ATT&CK 주간보고서 3주차.hwp,hwp,N / A,N / A,N / A
C:\Users\User\Desktop\12361970eb48596424b4ddfe4d48f37907d20123af3a45a59c7218c763debbc2.bin.sample.gz,gz,2022-01-19 오후 7:50:06,N / A,N / A
C:\Users\User\Desktop\1차발표 (1).pdf,pdf,N / A,N / A,N / A
C:\Users\User\Desktop\1차발표_최종.pdf,pdf,N / A,N / A,N / A
C:\Users\User\Desktop\20184587_이익규.7z,7z,N / A,N / A,N / A
C:\Users\User\Desktop\20184587_정보보호학과_이익규_물리과제2.jpg,jpg,N / A,N / A,N / A
C:\Users\User\Desktop\2022 산업위생학개론 10 IH statistics.pdf,pdf,N / A,N / A,N / A
C:\Users\User\Desktop\2022 산업위생학개론 10 IH statistics.pdf,pdf,2022-12-08 오전 2:04:46,2022-12-08 오전 2:01:14,2022-12-08 오전 2:01:14
C:\Users\User\Desktop\2022 산업위생학개론 11 NIOSH sampling strategy 1977.pdf,pdf,N / A,N / A,N / A
C:\Users\User\Desktop\2022 산업위생학개론 11 NIOSH sampling strategy 1977.pdf,pdf,2022-12-08 오전 2:07:19,2022-12-08 오전 2:01:17,2022-12-08 오전 2:01:18
C:\Users\User\Desktop\2022 산업위생학개론 5.PDF,PDF,2022-12-08 오전 2:05:51,2022-12-08 오전 2:01:22,2022-12-08 오전 2:01:22
C:\Users\User\Desktop\2022 산업위생학개론 5.PDF,PDF,N / A,N / A,N / A
C:\Users\User\Desktop\2022 산업위생학개론 6 exposure assessment concepts.pdf,pdf,2022-12-08 오전 2:06:17,2022-12-08 오전 2:01:25,2022-12-08 오전 2:01:26
C:\Users\User\Desktop\2022 산업위생학개론 6 exposure assessment concepts.pdf,pdf,N / A,N / A,N / A
C:\Users\User\Desktop\2022 산업위생학개론 7 sampling & monitoring.pdf,pdf,2022-12-08 오전 2:01:30,N / A,N / A
C:\Users\User\Desktop\2022 산업위생학개론 7 sampling & monitoring.pdf,pdf,2022-12-08 오전 2:06:52,2022-12-08 오전 2:01:30,2022-12-08 오전 2:01:31
C:\Users\User\Desktop\2022 산업위생학개론 8 aerosol sampling.pdf,pdf,N / A,N / A,N / A
C:\Users\User\Desktop\2022 산업위생학개론 8 aerosol sampling.pdf,pdf,2022-12-08 오전 2:01:06,N / A,N / A
C:\Users\User\Desktop\2022 산업위생학개론 9 gas and vapor sampling.pdf,pdf,N / A,N / A,N / A
C:\Users\User\Desktop\2022 산업위생학개론 9 gas and vapor sampling.pdf,pdf,2022-12-08 오전 2:01:09,N / A,N / A
C:\Users\User\Desktop\2022년도 Newbie DF Team 학기말 평가.docx,docx,N / A,N / A,N / A
C:\Users\User\Desktop\21년_기술유출방지시스템_구축사업_운영지침(기업용).hwp,hwp,N / A,N / A,N / A
C:\Users\User\Desktop\26b4699a7b9eeb16e76305d843d4ab05e94d43f3201436927e13b3ebafa90739.txt.vir,vir,2021-11-09 오후 8:36:14,N / A,N / A
C:\Users\User\Desktop\26b4699a7b9eeb16e76305d843d4ab05e94d43f3201436927e13b3ebafa90739.txt_dump.idb,idb,N / A,N / A,N / A
C:\Users\User\Desktop\2차발표 피드백.m4a,m4a,2022-11-21 오후 7:54:17,N / A,N / A
C:\Users\User\Desktop\2학년_20184563_이승주_컴퓨터네트워크(기말고사).rar,rar,2021-10-10 오후 8:11:24,N / A,N / A
C:\Users\User\Desktop\412874ba744b324fb766a897a9a8b7e7f9e437bcaa00b7abc5e25c124abcc7d3.bin.sample.gz,gz,N / A,N / A,N / A
C:\Users\User\Desktop\6. 프로젝트 결과보고서(전체본)-221221 제출.docx,docx,2022-12-13 오전 11:06:37,2022-12-11 오후 7:37:09,2022-12-11 오후 7:37:11
C:\Users\User\Desktop\6. 프로젝트 결과보고서(전체본)-221221 제출.docx,docx,N / A,N / A,N / A
C:\Users\User\Desktop\74bc952195207c79472c85eae059280307b1b8b6ebf722b49e7d43bf4f316a72.bin.sample,sample,2021-12-22 오후 10:58:26,N / A,N / A
C:\Users\User\Desktop\74bc952195207c79472c85eae059280307b1b8b6ebf722b49e7d43bf4f316a72.bin.sample.gz,gz,N / A,N / A,N / A
C:\Users\User\Desktop\[V1.0]선호도 기반 마이데이터 산업 모델 제시 및 보안 위협 분석_2022_정보보호학회_하계학술대회.hwp,hwp,N / A,N / A,N / A
C:\Users\User\Desktop\[박준형]SCH사이버보안연구센터 18기 연구원 질문지_03_15_화요일.docx,docx,N / A,N / A,N / A
C:\Users\User\Desktop\[병열 참고문헌 추가][산학캡스톤디자인 5조]선호도 기반 마이데이터 산업 모델 제시 및 보안 위협 분석_2022_정보보호학회_하계학술대회.hwp,hwp,N / A,N / A,N / A
C:\Users\User\Desktop\[산학캡스톤디자인 5조]선호도 기반 마이데이터 산업 모델 제시 및 보안 위협 분석_2022_정보보호학회_하계학술대회.hwp,hwp,N / A,N / A,N / A
C:\Users\User\Desktop\[준형 참고문헌 추가][산학캡스톤디자인 5조]선호도 기반 마이데이터 산업 모델 제시 및 보안 위협 분석_2022_정보보호학회_하계학술대회.hwp,hwp,N / A,N / A,N / A
C:\Users\User\Desktop\[지원] SCH사이버보안연구센터 지원서_20223566_신민철.docx,docx,N / A,N / A,N / A
C:\Users\User\Desktop\[지원] SCH사이버보안연구센터 지원서_20223566_신민철.docx,docx,2022-12-14 오전 12:23:12,2022-12-14 오전 12:12:12,2022-12-14 오전 12:12:13
C:\Users\User\Desktop\[지원] SCH사이버보안연구센터 지원서_20223566_신민철.docx,docx,N / A,N / A,N / A
C:\Users\User\Desktop\a2_.exe.txt,txt,N / A,N / A,N / A
C:\Users\User\Desktop\aa.csv,csv,N / A,N / A,N / A
C:\Users\User\Desktop\Artifact_address.txt,txt,2022-11-28 오후 4:58:46,N / A,N / A
C:\Users\User\Desktop\Artifact_address.txt,txt,2022-11-29 오후 4:49:12,2022-11-28 오후 4:58:46,2022-11-28 오후 7:25:22
C:\Users\User\Desktop\as.csv,csv,2022-03-18 오전 2:04:54,N / A,N / A
C:\Users\User\Desktop\asd,,2022-12-12 오후 11:28:41,2022-12-12 오후 10:54:16,2022-12-12 오후 11:28:36
C:\Users\User\Desktop\asd.asm,asm,2021-11-27 오후 9:30:33,N / A,N / A
C:\Users\User\Desktop\asd\테스트파일명.xlsx,xlsx,2022-12-12 오후 11:28:41,2022-12-12 오후 11:28:36,2022-12-12 오후 11:28:37
C:\Users\User\Desktop\Assembly.s,s,2021-11-27 오후 9:14:10,N / A,N / A
C:\Users\User\Desktop\BoB 11기 프로젝트 보고서 양식.zip,zip,N / A,N / A,N / A
C:\Users\User\Desktop\c1607d6f2ba2f9eb5d6f6e5e50bd01e3_t.jpeg,jpeg,N / A,N / A,N / A
C:\Users\User\Desktop\c1607d6f2ba2f9eb5d6f6e5e50bd01e3_t.jpeg,jpeg,2022-03-20 오후 6:42:22,N / A,N / A
C:\Users\User\Desktop\Chat-App-main\chat_server.py,py,N / A,N / A,N / A
C:\Users\User\Desktop\chat_client.py,py,N / A,N / A,N / A
C:\Users\User\Desktop\chat_server.py,py,N / A,N / A,N / A
C:\Users\User\Desktop\client2.py,py,N / A,N / A,N / A
C:\Users\User\Desktop\client4.py,py,N / A,N / A,N / A
C:\Users\User\Desktop\confetti-fun-group-happy-young-600w-495639391.webp,webp,2021-11-26 오후 12:57:27,N / A,N / A
C:\Users\User\Desktop\coverImage.png,png,N / A,N / A,N / A
C:\Users\User\Desktop\coverImage.png,png,N / A,N / A,N / A
C:\Users\User\Desktop\CrackMe.exe,exe,N / A,N / A,N / A
C:\Users\User\Desktop\Crawler.zip,zip,N / A,N / A,N / A
C:\Users\User\Desktop\data.txt,txt,N / A,N / A,N / A
C:\Users\User\Desktop\dataset.zip,zip,N / A,N / A,N / A
C:\Users\User\Desktop\desktop-242f37a_2022.12.12_21.59.25\csv\ART0001_OpenSavePidlMRU.csv,csv,2022-12-12 오후 9:59:48,2022-12-12 오후 9:59:33,2022-12-12 오후 9:59:37
C:\Users\User\Desktop\desktop-242f37a_2022.12.13_00.35.01\csv\ART0030_Web_History.csv,csv,2022-12-13 오전 12:41:32,2022-12-13 오전 12:37:03,2022-12-13 오전 12:37:03
C:\Users\User\Desktop\desktop-242f37a_2022.12.13_00.35.01\csv\ART0060_Bookmarks.csv,csv,2022-12-13 오전 12:41:41,2022-12-13 오전 12:37:06,2022-12-13 오전 12:37:06
C:\Users\User\Desktop\desktop-242f37a_2022.12.13_00.35.01\csv\ART0065_User_Accounts.csv,csv,2022-12-13 오전 12:40:57,2022-12-13 오전 12:37:07,2022-12-13 오전 12:37:07
C:\Users\User\Desktop\desktop-242f37a_2022.12.13_00.35.01\json\ART0060_Bookmarks.json,json,2022-12-13 오전 12:43:22,2022-12-13 오전 12:37:06,2022-12-13 오전 12:37:06
C:\Users\User\Desktop\desktop-242f37a_2022.12.13_00.35.01\json\Collect_Result_16.json,json,2022-12-13 오전 12:38:05,2022-12-13 오전 12:37:11,2022-12-13 오전 12:37:11
C:\Users\User\Desktop\desktop-242f37a_2022.12.13_00.49.52\csv\ART0033_Recycle_Bin.csv,csv,2022-12-13 오전 12:52:13,2022-12-13 오전 12:51:43,2022-12-13 오전 12:51:43
C:\Users\User\Desktop\desktop-242f37a_2022.12.13_00.49.52\csv\Collect_Result_16.xlsx,xlsx,2022-12-13 오전 12:52:52,2022-12-13 오전 12:51:50,2022-12-13 오전 12:51:52
C:\Users\User\Desktop\desktop-242f37a_2022.12.13_01.02.25\csv\ART0054_Network_Interfaces.csv,csv,2022-12-13 오전 1:04:54,2022-12-13 오전 1:04:32,2022-12-13 오전 1:04:33
C:\Users\User\Desktop\desktop-242f37a_2022.12.13_01.09.10\csv\ART0003_E-mail_Attachments.csv,csv,2022-12-13 오전 1:09:49,2022-12-13 오전 1:09:13,2022-12-13 오전 1:09:13
C:\Users\User\Desktop\desktop-242f37a_2022.12.13_01.09.10\csv\Collect_Result_1.xlsx,xlsx,2022-12-13 오전 1:09:58,2022-12-13 오전 1:09:14,2022-12-13 오전 1:09:14
C:\Users\User\Desktop\desktop-242f37a_2022.12.13_12.26.34\json\ART0054_Network_Interfaces.json,json,2022-12-13 오후 12:26:43,2022-12-13 오후 12:26:36,2022-12-13 오후 12:26:36
C:\Users\User\Desktop\desktop-242f37a_2022.12.13_12.39.18\json\ART0001_OpenSavePidlMRU.json,json,2022-12-13 오후 12:41:06,2022-12-13 오후 12:39:46,2022-12-13 오후 12:39:46
C:\Users\User\Desktop\desktop-242f37a_2022.12.13_12.39.18\json\Collect_Result_17.json,json,2022-12-13 오후 12:41:13,2022-12-13 오후 12:41:00,2022-12-13 오후 12:41:00
C:\Users\User\Desktop\desktop-242f37a_2022.12.13_12.39.18\json\E0006_External_Device_USB_Usage.json,json,2022-12-13 오후 12:41:24,2022-12-13 오후 12:40:59,2022-12-13 오후 12:40:59
C:\Users\User\Desktop\desktop-242f37a_2022.12.13_12.55.21\json\Collect_Result_1.json,json,2022-12-13 오후 12:55:35,2022-12-13 오후 12:55:28,2022-12-13 오후 12:55:28
C:\Users\User\Desktop\desktop-242f37a_2022.12.16_20.29.26\json,26\json,2022-12-16 오후 8:32:37,2022-12-16 오후 8:29:26,2022-12-16 오후 8:31:41
C:\Users\User\Desktop\desktop-242f37a_2022.12.16_20.29.26\json\ART0003_E-mail_Attachments.json,json,2022-12-16 오후 8:32:37,2022-12-16 오후 8:30:03,2022-12-16 오후 8:30:03
C:\Users\User\Desktop\Desktop.7z,7z,2022-03-28 오후 12:31:54,N / A,N / A
C:\Users\User\Desktop\DF-ATT&CK_1차발표.pptx,pptx,N / A,N / A,N / A
C:\Users\User\Desktop\DF-ATT&CK_1차발표_v1.1.pptx,pptx,N / A,N / A,N / A
C:\Users\User\Desktop\DF-ATT&CK_1차발표_v1.2.pptx,pptx,N / A,N / A,N / A
C:\Users\User\Desktop\DF_CAT_Forensic_Tool\artifact_parser\ART0001_OpenSavePidlMRU_Parser.py,py,2022-12-13 오전 12:06:45,2022-12-12 오후 11:56:15,2022-12-12 오후 11:49:40
C:\Users\User\Desktop\Dolphago.exe,exe,N / A,N / A,N / A
C:\Users\User\Desktop\dtd\0059.png,png,N / A,N / A,N / A
C:\Users\User\Desktop\dtd\0060.png,png,N / A,N / A,N / A
C:\Users\User\Desktop\dtd\0061.png,png,N / A,N / A,N / A
C:\Users\User\Desktop\dtd\0062.png,png,N / A,N / A,N / A
C:\Users\User\Desktop\dtd\0063.png,png,N / A,N / A,N / A
C:\Users\User\Desktop\dtdt.txt,txt,N / A,N / A,N / A
C:\Users\User\Desktop\dttd.txt,txt,N / A,N / A,N / A
C:\Users\User\Desktop\Easy_Artifact.ad1,ad1,N / A,N / A,N / A
C:\Users\User\Desktop\Easy_CrackMe.exe,exe,N / A,N / A,N / A
C:\Users\User\Desktop\favicon.ico,ico,2022-12-13 오후 12:43:23,2022-11-16 오전 1:59:01,2022-11-16 오전 1:59:02
C:\Users\User\Desktop\favicon.ico,ico,N / A,2022-11-16 오전 1:59:01,2022-11-16 오전 1:59:02
C:\Users\User\Desktop\favicon.ico,ico,2022-12-13 오전 10:16:23,2022-11-16 오전 1:59:01,2022-11-16 오전 1:59:02
C:\Users\User\Desktop\Gganbu.exe,exe,N / A,N / A,N / A
C:\Users\User\Desktop\hexfile.mem,mem,2021-12-17 오후 5:51:27,N / A,N / A
C:\Users\User\Desktop\image.jpg,jpg,N / A,N / A,N / A
C:\Users\User\Desktop\image01.png,png,2022-10-30 오전 2:27:18,N / A,N / A
C:\Users\User\Desktop\join_김찬인.docx,docx,2022-12-14 오전 12:12:17,N / A,N / A
C:\Users\User\Desktop\join_김찬인.docx,docx,N / A,N / A,N / A
C:\Users\User\Desktop\join_김찬인.docx,docx,2022-12-14 오전 12:29:08,2022-12-14 오전 12:12:17,2022-12-14 오전 12:12:17
C:\Users\User\Desktop\json_merge_files.py,py,2022-12-13 오후 12:51:46,2022-12-13 오후 12:51:40,2022-12-13 오전 10:38:44
C:\Users\User\Desktop\jumpking.exe,exe,N / A,N / A,N / A
C:\Users\User\Desktop\KakaoTalk_20211119_194435114.mp4,mp4,N / A,N / A,N / A
C:\Users\User\Desktop\KakaoTalk_20211129_144100807.jpg,jpg,N / A,N / A,N / A
C:\Users\User\Desktop\KakaoTalk_20211224_152146377.jpg,jpg,N / A,N / A,N / A
C:\Users\User\Desktop\KakaoTalk_20220308_132949779.jpg,jpg,N / A,N / A,N / A
C:\Users\User\Desktop\KakaoTalk_20220328_155325053.png,png,N / A,N / A,N / A
C:\Users\User\Desktop\KakaoTalk_20220521_003346120.jpg,jpg,N / A,N / A,N / A
C:\Users\User\Desktop\KakaoTalk_20220622_180709160.png,png,N / A,N / A,N / A
C:\Users\User\Desktop\KakaoTalk_20220625_174905924.jpg,jpg,N / A,N / A,N / A
C:\Users\User\Desktop\KakaoTalk_20220907_205420325.mp4,mp4,N / A,N / A,N / A
C:\Users\User\Desktop\KakaoTalk_20220907_232307648.jpg,jpg,N / A,N / A,N / A
C:\Users\User\Desktop\KakaoTalk_20220908_003733227.jpg,jpg,N / A,N / A,N / A
C:\Users\User\Desktop\KakaoTalk_20221017_175144359.jpg,jpg,N / A,N / A,N / A
C:\Users\User\Desktop\KakaoTalk_20221018_121218046.jpg,jpg,N / A,N / A,N / A
C:\Users\User\Desktop\KakaoTalk_20221018_121218046_01.jpg,jpg,2022-10-18 오후 12:14:23,N / A,N / A
C:\Users\User\Desktop\KakaoTalk_20221019_161502049.mp4,mp4,2022-10-19 오후 4:15:21,N / A,N / A
C:\Users\User\Desktop\KakaoTalk_20221020_172953346.png,png,N / A,N / A,N / A
C:\Users\User\Desktop\KakaoTalk_20221024_183602442.png,png,N / A,N / A,N / A
C:\Users\User\Desktop\KakaoTalk_20221024_183604752.png,png,N / A,N / A,N / A
C:\Users\User\Desktop\keypair_df-cat.pem,pem,2022-11-14 오후 8:29:30,2022-11-14 오후 8:29:30,2022-11-14 오후 8:29:30
C:\Users\User\Desktop\login\login_resist_form.php,php,N / A,N / A,N / A
C:\Users\User\Desktop\main\write.php,php,N / A,N / A,N / A
C:\Users\User\Desktop\main\write_action.php,php,N / A,N / A,N / A
C:\Users\User\Desktop\MalwareAPK.py,py,N / A,N / A,N / A
C:\Users\User\Desktop\Me\Code\C OR C++\Project1\Project1.sln,sln,2022-04-17 오전 4:30:26,2021-10-30 오후 9:36:37,2021-10-30 오후 9:36:37
C:\Users\User\Desktop\Me\Code\C OR C++\WindowsFormsApp1\WindowsFormsApp1.sln,sln,N / A,2021-10-22 오후 12:39:09,2021-10-22 오후 12:39:09
C:\Users\User\Desktop\Me\Code\PY,,N / A,2021-10-07 오후 7:25:40,2022-12-13 오후 9:58:56
C:\Users\User\Desktop\Me\Code\PY,,2022-12-13 오후 9:58:40,2021-10-07 오후 7:25:40,2022-12-13 오전 10:47:34
C:\Users\User\Desktop\Me\Code\PY\Case_Crawler,,2022-12-13 오후 12:57:12,2022-12-13 오전 10:47:34,2022-12-13 오전 11:32:54
C:\Users\User\Desktop\Me\Code\PY\Case_Crawler,,N / A,2022-12-13 오전 10:47:34,2022-12-13 오전 11:32:54
C:\Users\User\Desktop\Me\Code\PY\DF_CAT_Forensic_Tool,,2022-12-02 오전 2:11:23,2022-11-28 오후 2:46:29,2022-12-02 오전 1:56:57
C:\Users\User\Desktop\Me\Code\PY\DF_CAT_Forensic_Tool,,2022-12-07 오후 4:16:08,2022-12-02 오전 2:17:09,2022-12-07 오후 4:15:28
C:\Users\User\Desktop\Me\Code\PY\DF_CAT_Forensic_Tool,,2022-11-16 오전 2:01:29,2022-11-14 오후 9:38:52,2022-11-16 오전 1:55:28
C:\Users\User\Desktop\Me\Code\PY\DF_CAT_Forensic_Tool,,2022-12-16 오후 8:26:43,2022-12-13 오전 12:10:56,2022-12-13 오후 12:46:20
C:\Users\User\Desktop\Me\Code\PY\DF_CAT_Forensic_Tool,,N / A,2022-12-13 오전 12:10:56,2022-12-16 오후 8:28:33
C:\Users\User\Desktop\Me\Code\PY\DF_CAT_Forensic_Tool,,2022-11-17 오후 9:04:02,2022-11-17 오후 1:06:29,2022-11-17 오후 9:03:42
C:\Users\User\Desktop\Me\Code\PY\DF_CAT_Forensic_Tool,,2022-11-24 오후 7:22:54,2022-11-24 오후 6:21:05,2022-11-24 오후 7:21:24
C:\Users\User\Desktop\Me\Code\PY\DF_CAT_Forensic_Tool,,2022-12-13 오전 12:21:59,2022-12-13 오전 12:10:56,2022-12-13 오전 12:21:18
C:\Users\User\Desktop\Me\Code\PY\DF_CAT_Forensic_Tool,,2022-11-29 오후 10:27:47,2022-11-28 오후 2:46:29,2022-11-29 오후 10:26:13
C:\Users\User\Desktop\Me\Code\PY\DF_CAT_Forensic_Tool,,2022-12-07 오후 5:31:19,2022-12-07 오후 5:29:59,2022-12-07 오후 5:30:54
C:\Users\User\Desktop\Me\Code\PY\DF_CAT_Forensic_Tool,,N / A,2022-12-13 오전 12:10:56,2022-12-16 오후 8:28:33
C:\Users\User\Desktop\Me\Code\PY\DF_CAT_Forensic_Tool,,2022-12-13 오전 12:31:34,2022-12-13 오전 12:10:56,2022-12-13 오전 12:21:18
C:\Users\User\Desktop\Me\Code\PY\DF_CAT_Forensic_Tool\artifact_parser,,2022-12-07 오후 4:23:41,2022-12-07 오후 4:23:01,2022-12-07 오후 4:23:01
C:\Users\User\Desktop\Me\Code\PY\DF_CAT_Forensic_Tool\artifact_parser,,2022-11-30 오후 5:54:59,2022-11-29 오후 7:00:40,2022-11-30 오후 5:54:38
C:\Users\User\Desktop\Me\Code\PY\DF_CAT_Forensic_Tool\artifact_parser,,2022-12-13 오전 1:29:58,2022-12-13 오전 12:11:08,2022-12-13 오전 1:17:18
C:\Users\User\Desktop\Me\Code\PY\DF_CAT_Forensic_Tool\artifact_parser,,N / A,2022-12-13 오전 12:11:08,2022-12-16 오후 8:28:33
C:\Users\User\Desktop\Me\Code\PY\DF_CAT_Forensic_Tool\artifact_parser,,2022-12-13 오전 10:19:13,2022-12-13 오전 12:11:08,2022-12-13 오전 10:15:54
C:\Users\User\Desktop\Me\Code\PY\DF_CAT_Forensic_Tool\artifact_parser,,2022-12-02 오전 1:55:47,2022-11-29 오후 7:00:40,2022-12-02 오전 1:40:42
C:\Users\User\Desktop\Me\Code\PY\DF_CAT_Forensic_Tool\artifact_parser,,2022-12-13 오후 12:43:38,2022-12-13 오전 12:11:08,2022-12-13 오후 12:35:25
C:\Users\User\Desktop\Me\Code\PY\DF_CAT_Forensic_Tool\artifact_parser\favicon.ico,ico,N / A,2022-12-13 오전 12:11:08,2022-12-13 오전 12:11:08
C:\Users\User\Desktop\Me\Code\PY\DF_CAT_Forensic_Tool\artifact_parser\favicon.ico,ico,N / A,2022-12-13 오전 12:11:08,2022-12-13 오전 12:11:08
C:\Users\User\Desktop\Me\Code\PY\DF_CAT_Forensic_Tool\DF_CAT_Tool_v1.0.4.exe,exe,2022-12-13 오전 10:39:56,N / A,N / A
C:\Users\User\Desktop\Me\Code\PY\DF_CAT_Forensic_Tool\DF_CAT_Tool_v1.0.4.exe,exe,N / A,N / A,N / A
C:\Users\User\Desktop\Me\Code\PY\DF_CAT_Forensic_Tool\download.py,py,N / A,2022-12-13 오전 12:11:08,2022-12-13 오전 12:11:08
C:\Users\User\Desktop\Me\Code\PY\DF_CAT_Forensic_Tool\download.py,py,2022-12-13 오후 12:43:45,2022-12-13 오전 12:11:08,2022-12-13 오전 12:11:08
C:\Users\User\Desktop\Me\Code\PY\DF_CAT_Forensic_Tool\download.py,py,N / A,2022-12-13 오전 12:11:08,2022-12-13 오전 12:11:08
C:\Users\User\Desktop\Me\Code\PY\DF_CAT_Forensic_Tool\External_Device_USB_Usage_Parser.py,py,N / A,N / A,N / A
C:\Users\User\Desktop\Me\Code\PY\DF_CAT_Forensic_Tool\Forensics_Tool,,2022-11-17 오후 9:10:50,2022-11-17 오후 1:06:34,2022-11-17 오후 1:06:34
C:\Users\User\Desktop\Me\Code\PY\DF_CAT_Forensic_Tool\Forensics_Tool,,2022-11-16 오전 3:39:33,2022-11-14 오후 9:38:56,2022-11-16 오전 1:55:20
C:\Users\User\Desktop\Me\Code\PY\DF_CAT_Forensic_Tool\gui_main.py,py,N / A,2022-12-13 오전 12:11:08,2022-12-13 오전 10:30:08
C:\Users\User\Desktop\Me\Code\PY\DF_CAT_Forensic_Tool\gui_main.py,py,2022-12-13 오후 12:43:18,2022-12-13 오전 12:11:08,2022-12-13 오전 10:30:08
C:\Users\User\Desktop\Me\Code\PY\DF_CAT_Forensic_Tool\gui_main.py,py,N / A,2022-12-13 오전 12:11:08,2022-12-13 오전 10:30:08
C:\Users\User\Desktop\Me\Code\PY\DF_CAT_Forensic_Tool\json_merge_files.py,py,N / A,2022-12-13 오전 12:11:08,2022-12-13 오후 12:54:41
C:\Users\User\Desktop\Me\Code\PY\DF_CAT_Forensic_Tool\json_merge_files.py,py,N / A,2022-12-13 오전 12:11:08,2022-12-13 오후 12:54:41
C:\Users\User\Desktop\Me\Code\PY\DF_CAT_Forensic_Tool\LNK_Parser.py,py,N / A,N / A,N / A
C:\Users\User\Desktop\Me\Code\PY\DF_CAT_Forensic_Tool\main.py,py,N / A,2022-12-13 오전 12:11:08,2022-12-13 오전 10:07:14
C:\Users\User\Desktop\Me\Code\PY\DF_CAT_Forensic_Tool\main.py,py,2022-12-13 오후 12:43:50,2022-12-13 오전 12:11:08,2022-12-13 오전 10:07:14
C:\Users\User\Desktop\Me\Code\PY\DF_CAT_Forensic_Tool\main.py,py,2022-12-13 오후 12:43:50,2022-12-13 오전 12:11:08,2022-12-13 오전 10:07:14
C:\Users\User\Desktop\Me\Code\PY\DF_CAT_Forensic_Tool\OpenSavePidlMRU_Parser.py,py,N / A,N / A,N / A
C:\Users\User\Desktop\Me\Code\PY\DF_CAT_Forensic_Tool\output,,N / A,2022-12-13 오전 10:36:38,2022-12-13 오후 12:46:10
C:\Users\User\Desktop\Me\Code\PY\DF_CAT_Forensic_Tool\output,,2022-12-13 오전 10:23:10,2022-12-13 오전 12:34:25,2022-12-13 오전 10:22:13
C:\Users\User\Desktop\Me\Code\PY\DF_CAT_Forensic_Tool\output\ART0008_Jump_Lists.json,json,2022-12-07 오후 4:33:40,2022-12-07 오후 4:32:53,2022-12-07 오후 4:32:53
C:\Users\User\Desktop\Me\Code\PY\DF_CAT_Forensic_Tool\output\ART0010_ShimCache.json,json,2022-11-30 오후 5:25:36,2022-11-29 오후 10:50:25,2022-11-29 오후 10:50:25
C:\Users\User\Desktop\Me\Code\PY\DF_CAT_Forensic_Tool\output\ART0030_Web_History.json,json,2022-12-08 오후 9:02:02,2022-12-07 오후 5:36:20,2022-12-07 오후 5:36:20
C:\Users\User\Desktop\Me\Code\PY\DF_CAT_Forensic_Tool\output\Collect_Result_10.json,json,2022-12-07 오후 4:35:30,2022-12-07 오후 4:35:26,2022-12-07 오후 4:35:26
C:\Users\User\Desktop\Me\Code\PY\DF_CAT_Forensic_Tool\output\Collect_Result_17.json,json,N / A,N / A,N / A
C:\Users\User\Desktop\Me\Code\PY\DF_CAT_Forensic_Tool\output\desktop-242f37a_2022.12.13_10.23.16\csv,16\csv,2022-12-13 오전 10:29:12,2022-12-13 오전 10:23:16,2022-12-13 오전 10:25:49
C:\Users\User\Desktop\Me\Code\PY\DF_CAT_Forensic_Tool\output\desktop-242f37a_2022.12.13_10.23.16\csv\Collect_Result_17.xlsx,xlsx,2022-12-13 오전 10:29:12,2022-12-13 오전 10:25:49,2022-12-13 오전 10:25:51
C:\Users\User\Desktop\Me\Code\PY\DF_CAT_Forensic_Tool\Prefetch_Parser.py,py,N / A,N / A,N / A
C:\Users\User\Desktop\Me\Code\PY\DF_CAT_Forensic_Tool\Recent_Files_Parser.py,py,N / A,N / A,N / A
C:\Users\User\Desktop\Me\Code\PY\DF_CAT_Forensic_Tool\test.py,py,N / A,N / A,N / A
C:\Users\User\Desktop\Me\Code\PY\DF_CAT_Forensic_Tool\test.py,py,2022-11-29 오후 10:39:32,2022-11-28 오후 5:13:34,2022-11-29 오후 10:25:39
C:\Users\User\Desktop\Me\Code\PY\flag.txt,txt,N / A,N / A,N / A
C:\Users\User\Desktop\Me\Code\PY\json_converter,,2022-12-11 오후 8:16:54,2022-12-11 오후 8:16:44,2022-12-11 오후 8:16:44
C:\Users\User\Desktop\Me\연구실 안전교육 스킵.txt,txt,N / A,2022-04-12 오후 6:26:59,2022-04-12 오후 6:26:59
C:\Users\User\Desktop\mpsthemeservice.bin.sample.idb,idb,2022-01-01 오후 5:29:46,N / A,N / A
C:\Users\User\Desktop\Newbie_Digital_Forensics_3주차_18_이익규.pptx,pptx,N / A,N / A,N / A
C:\Users\User\Desktop\Newbie_Digital_Forensics_4주차_18_이익규.pptx,pptx,N / A,N / A,N / A
C:\Users\User\Desktop\Newbie_Digital_Forensics_5주차_18_이익규.pptx,pptx,N / A,N / A,N / A
C:\Users\User\Desktop\Newbie_Digital_Forensics_6주차_18_이익규.pptx,pptx,N / A,N / A,N / A
C:\Users\User\Desktop\Path.exe,exe,N / A,N / A,N / A
C:\Users\User\Desktop\pngtree-vector-people-icon-png-image_695870.jpg,jpg,N / A,N / A,N / A
C:\Users\User\Desktop\pngtree-vector-people-icon-png-image_695870.jpg,jpg,N / A,N / A,N / A
C:\Users\User\Desktop\REGA_v1.5.3[Freeware]\Default User.NTUSER.DAT,DAT,2022-05-02 오전 3:07:27,N / A,N / A
C:\Users\User\Desktop\REGA_v1.5.3[Freeware]\User.NTUSER.DAT,DAT,N / A,N / A,N / A
C:\Users\User\Desktop\result_DFAS_Export_20221210152929.xlsx,xlsx,2022-12-11 오후 8:14:57,2022-12-15 오후 9:06:42,2022-12-15 오후 9:30:25
C:\Users\User\Desktop\result_DFAS_Export_20221210152929.xlsx,xlsx,N / A,2022-12-15 오후 9:06:42,2022-12-15 오후 9:30:25
C:\Users\User\Desktop\result_DFAS_Export_20221210152929.xlsx,xlsx,2022-12-15 오후 9:47:38,2022-12-15 오후 9:06:42,2022-12-15 오후 9:30:25
C:\Users\User\Desktop\SANS_DFIR_FOR500_WINDOWS_FORENSICS_POSTER_v4.13.pdf,pdf,N / A,N / A,N / A
C:\Users\User\Desktop\SCHCSRC_logo.png.txt,txt,N / A,N / A,N / A
C:\Users\User\Desktop\SCH사이버보안연구센터 면접 공통질문지 .hwp,hwp,2022-12-14 오전 12:12:33,2022-12-14 오전 12:11:56,2022-12-14 오전 12:11:56
C:\Users\User\Desktop\SCH사이버보안연구센터 면접 공통질문지 .hwp,hwp,2022-12-14 오전 12:11:56,N / A,N / A
C:\Users\User\Desktop\SCH사이버보안연구센터 면접 공통질문지 .hwp,hwp,N / A,N / A,N / A
C:\Users\User\Desktop\SecurityFirst.ad1,ad1,2022-05-27 오후 10:44:08,N / A,N / A
C:\Users\User\Desktop\SecurityFirst\Newbie Digital Forensics\Newbie_Digital_Forensics_3주차_18_이익규.pptx,pptx,N / A,2022-04-26 오후 11:18:03,2022-04-26 오후 11:18:03
C:\Users\User\Desktop\SecurityFirst\Write-up,,2022-12-06 오후 6:39:08,2022-03-06 오후 11:36:02,2022-05-28 오전 12:07:41
C:\Users\User\Desktop\SecurityFirst\Write-up\20184587_이익규+Write-up_2022년_연초.pdf,pdf,2022-12-06 오후 6:39:08,2022-03-06 오후 11:32:10,2022-03-06 오후 11:32:11
C:\Users\User\Desktop\server.py,py,N / A,N / A,N / A
C:\Users\User\Desktop\steg...raft.jpg,jpg,N / A,N / A,N / A
C:\Users\User\Desktop\tlqkf.txt,txt,N / A,N / A,N / A
C:\Users\User\Desktop\Tool.7z,7z,N / A,N / A,N / A
C:\Users\User\Desktop\tools,,2022-11-29 오후 7:28:36,2022-11-28 오후 4:59:31,2022-11-29 오후 7:28:29
C:\Users\User\Desktop\tools\20221128174314_Amcache_DevicePnps.csv,csv,2022-11-28 오후 5:43:49,2022-11-28 오후 5:43:17,2022-11-28 오후 5:43:17
C:\Users\User\Desktop\tools\20221128174314_Amcache_DriveBinaries.csv,csv,2022-11-28 오후 5:44:27,2022-11-28 오후 5:43:17,2022-11-28 오후 5:43:17
C:\Users\User\Desktop\tools\20221128174314_Amcache_DriverPackages.csv,csv,2022-11-28 오후 5:44:39,2022-11-28 오후 5:43:17,2022-11-28 오후 5:43:17
C:\Users\User\Desktop\tools\20221128174314_Amcache_ShortCuts.csv,csv,2022-11-28 오후 5:44:55,2022-11-28 오후 5:43:17,2022-11-28 오후 5:43:17
C:\Users\User\Desktop\tools\20221128174314_Amcache_UnassociatedFileEntries.csv,csv,2022-11-28 오후 5:45:35,2022-11-28 오후 5:43:17,2022-11-28 오후 5:43:17
C:\Users\User\Desktop\tools\20221128175129_Windows10Creators_DESKTOP-242F37A_AppCompatCache.csv,csv,2022-11-28 오후 5:51:40,2022-11-28 오후 5:51:29,2022-11-28 오후 5:51:29
C:\Users\User\Desktop\tools\20221128175224_Windows10Creators_DESKTOP-242F37A_AppCompatCache.csv,csv,2022-11-28 오후 5:52:27,2022-11-28 오후 5:52:24,2022-11-28 오후 5:52:25
C:\Users\User\Desktop\tools\20221128175317_Windows10Creators_DESKTOP-242F37A_AppCompatCache.csv,csv,2022-11-28 오후 5:55:03,2022-11-28 오후 5:53:17,2022-11-28 오후 5:53:17
C:\Users\User\Desktop\tools\AppCompatCache.csv,csv,2022-11-28 오후 5:58:28,2022-11-28 오후 5:58:22,2022-11-28 오후 5:58:22
C:\Users\User\Desktop\tools\browserdownloadsview-x64,,2022-11-29 오후 5:40:59,2022-11-28 오후 4:59:57,2022-11-28 오후 6:33:17
C:\Users\User\Desktop\tools\browserdownloadsview-x64\d.json,json,2022-11-29 오후 5:40:59,2022-11-28 오후 6:33:17,2022-11-28 오후 6:33:17
C:\Users\User\Desktop\tools\browsinghistoryview-x64,,2022-11-29 오후 10:09:53,2022-11-28 오후 4:59:57,2022-11-28 오후 7:30:44
C:\Users\User\Desktop\tools\jumplistsview,,2022-11-29 오후 5:54:29,2022-11-28 오후 4:59:57,2022-11-28 오후 7:36:54
C:\Users\User\Desktop\tools\lastactivityview,,2022-11-29 오후 5:57:30,2022-11-28 오후 4:59:57,2022-11-28 오후 7:53:33
C:\Users\User\Desktop\tools\networkinterfacesview-x64,,2022-11-29 오후 6:00:11,2022-11-28 오후 4:59:57,2022-11-28 오후 7:57:00
C:\Users\User\Desktop\tools\outlookattachview-x64,,2022-11-29 오후 6:50:26,2022-11-28 오후 4:59:57,2022-11-28 오후 8:01:49
C:\Users\User\Desktop\tools\Recycle_Bin.csv,csv,2022-11-29 오후 7:28:36,2022-11-29 오후 7:28:29,2022-11-29 오후 7:28:29
C:\Users\User\Desktop\tools\shellbagsview,,2022-11-29 오후 6:04:12,2022-11-28 오후 3:05:07,2022-11-28 오후 8:13:02
C:\Users\User\Desktop\tools\Shimcache.csv,csv,2022-11-29 오후 5:30:42,2022-11-29 오후 5:30:36,2022-11-29 오후 5:30:37
C:\Users\User\Desktop\tools\userassistview,,2022-11-29 오후 6:20:35,2022-11-28 오후 4:59:57,2022-11-28 오후 8:16:57
C:\Users\User\Desktop\tools\userprofilesview,,2022-11-29 오후 10:23:19,2022-11-28 오후 4:59:57,2022-11-28 오후 8:25:59
C:\Users\User\Desktop\tools\userprofilesview\d.xml,xml,2022-11-29 오후 10:23:19,2022-11-28 오후 8:25:59,2022-11-28 오후 8:25:59
C:\Users\User\Desktop\tools\webbrowserbookmarksview,,2022-11-28 오후 8:56:07,2022-11-28 오후 4:59:57,2022-11-28 오후 8:55:58
C:\Users\User\Desktop\total_n-gram.py,py,N / A,N / A,N / A
C:\Users\User\Desktop\Untitled.png,png,N / A,N / A,N / A
C:\Users\User\Desktop\USB_Imaging.E01,E01,2022-03-17 오후 11:18:27,N / A,N / A
C:\Users\User\Desktop\v.0.3 DF-ATT&CK 최종 평가.pptx,pptx,2022-12-15 오후 9:31:09,2022-12-15 오후 8:28:55,2022-12-15 오후 8:29:01
C:\Users\User\Desktop\v.0.7 DF-ATT&CK 최종 평가.pptx,pptx,2022-12-17 오전 12:07:14,2022-12-16 오후 8:00:33,2022-12-16 오후 8:00:40
C:\Users\User\Desktop\v.0.7 DF-ATT&CK 최종 평가.pptx,pptx,N / A,2022-12-16 오후 8:00:33,2022-12-17 오전 12:07:21
C:\Users\User\Desktop\v.0.7 DF-ATT&CK 최종 평가.pptx,pptx,2022-12-16 오후 8:00:33,2022-12-16 오후 8:00:33,2022-12-17 오전 12:07:21
C:\Users\User\Desktop\v.1.2 DF-ATT&CK 2차 평가.pdf,pdf,N / A,2022-11-16 오전 1:58:50,2022-11-16 오전 1:58:50
C:\Users\User\Desktop\v1.1 1차평가 발표자료.pdf,pdf,N / A,N / A,N / A
C:\Users\User\Desktop\V1.1_캡스톤디자인_염흥열교수님_5조_6주차.pptx,pptx,N / A,N / A,N / A
C:\Users\User\Desktop\v2_학회발표_디지털포렌식-아티팩트-기반_보안-점검-프레임워크-개발.pdf,pdf,N / A,N / A,N / A
C:\Users\User\Desktop\ㅇㅅㅇ.html,html,N / A,N / A,N / A
C:\Users\User\Desktop\ㅏ.jpg,jpg,N / A,N / A,N / A
C:\Users\User\Desktop\과제1.png,png,N / A,N / A,N / A
C:\Users\User\Desktop\과제2.png,png,N / A,N / A,N / A
C:\Users\User\Desktop\그림1.png,png,N / A,N / A,N / A
C:\Users\User\Desktop\금융회사 AML CFT 위험기반접근법(RBA) 처리 기준(금융투자업).hwp,hwp,N / A,N / A,N / A
C:\Users\User\Desktop\데이터.zip,zip,2022-12-13 오전 10:49:40,2022-11-26 오후 2:12:04,2022-11-26 오후 2:12:04
C:\Users\User\Desktop\데이터.zip,zip,2022-12-13 오전 10:49:40,N / A,N / A
C:\Users\User\Desktop\데이터.zip,zip,N / A,N / A,N / A
C:\Users\User\Desktop\데이터\CAN traffic (attack included).txt,txt,2022-11-25 오후 9:46:42,2021-11-22 오후 8:48:45,2021-11-23 오전 12:29:29
C:\Users\User\Desktop\데이터\CAN traffic (normal only).txt,txt,2022-11-25 오후 9:47:04,2021-11-23 오전 12:16:23,2021-11-23 오전 12:21:12
C:\Users\User\Desktop\데이터\time_attack_included.txt,txt,2022-11-25 오후 9:45:04,2022-11-25 오후 9:45:03,2022-11-25 오후 9:43:58
C:\Users\User\Desktop\머신러닝 응용보안 프로젝트.ipynb,ipynb,2022-06-13 오전 9:17:22,N / A,N / A
C:\Users\User\Desktop\무제1.jpg,jpg,N / A,N / A,N / A
C:\Users\User\Desktop\문제.docx,docx,N / A,N / A,N / A
C:\Users\User\Desktop\분석도구\IDA_Pro_7.5\a2_.exe.txt,txt,N / A,N / A,N / A
C:\Users\User\Desktop\산학캡스톤디자인1.zip,zip,N / A,N / A,N / A
C:\Users\User\Desktop\산학캡스톤디자인_ITU-T_백신접종기술화표준_정보보호학과_20184587_3학년_이익규.zip,zip,N / A,N / A,N / A
C:\Users\User\Desktop\수강\2022-1\네트워크 프로그래밍\과제\네트워크 프로그래밍 4장 정보보호학과 20184587 이익규.zip,zip,N / A,N / A,N / A
C:\Users\User\Desktop\수강\2022-1\네트워크 프로그래밍\과제\네트워크 프로그래밍 5장 정보보호학과 20184587 이익규.zip,zip,N / A,N / A,N / A
C:\Users\User\Desktop\수강\2022-1\네트워크 프로그래밍\과제\네트워크 프로그래밍 6장 정보보호학과 20184587 이익규.zip,zip,N / A,N / A,N / A
C:\Users\User\Desktop\수강\2022-1\네트워크 프로그래밍\과제\네트워크 프로그래밍 7장 정보보호학과 20184587 이익규.zip,zip,N / A,N / A,N / A
C:\Users\User\Desktop\수강\2022-1\네트워크 프로그래밍\과제\네트워크 프로그래밍 ITU-T X.1400 정보보호학과 20184587 이익규.zip,zip,N / A,N / A,N / A
C:\Users\User\Desktop\수강\2022-1\데이터 통신\과제\데이터 통신 10장 정보보호학과 20184587 이익규.zip,zip,N / A,N / A,N / A
C:\Users\User\Desktop\수강\2022-1\데이터 통신\과제\데이터 통신 11장 정보보호학과 20184587 이익규.zip,zip,N / A,N / A,N / A
C:\Users\User\Desktop\수강\2022-1\데이터 통신\과제\데이터 통신 6장 정보보호학과 20184587 이익규.zip,zip,N / A,N / A,N / A
C:\Users\User\Desktop\수강\2022-1\데이터 통신\과제\데이터 통신 7장 정보보호학과 20184587 이익규.zip,zip,N / A,N / A,N / A
C:\Users\User\Desktop\수강\2022-1\데이터 통신\과제\데이터 통신 8장 정보보호학과 20184587 이익규.zip,zip,N / A,N / A,N / A
C:\Users\User\Desktop\수강\2022-1\데이터 통신\과제\데이터 통신 9장 정보보호학과 20184587 이익규.zip,zip,N / A,N / A,N / A
C:\Users\User\Desktop\수강\2022-1\산학캡스톤디자인1\캡스톤디자인_염흥열교수님_5조_10주차.pptx,pptx,N / A,N / A,N / A
C:\Users\User\Desktop\수강\2022-1\파이썬 프로그래밍\정보보호학과_파이썬프로그래밍_Json file parser 개발_20184587_이익규.docx,docx,N / A,N / A,N / A
C:\Users\User\Desktop\수강\2022-1\파이썬 프로그래밍\정보보호학과_파이썬프로그래밍_Report-01_20184587_이익규.hwp,hwp,N / A,N / A,N / A
C:\Users\User\Desktop\수강\암호학1\과제\정보보호학과_20184587_이익규.docx,docx,N / A,N / A,N / A
C:\Users\User\Desktop\수강\컴퓨터네트워크\컴퓨터 네트워크 10-2.docx,docx,N / A,N / A,N / A
C:\Users\User\Desktop\순천향대학교,,2022-12-12 오후 7:01:27,2022-10-14 오후 10:03:16,2022-12-01 오후 3:45:08
C:\Users\User\Desktop\순천향대학교\2022-2\악성코드분석,,2022-12-06 오후 6:41:56,2022-09-02 오후 4:28:37,2022-12-01 오후 10:24:48
C:\Users\User\Desktop\순천향대학교\2022-2\악성코드분석\악성코드분석\논문 작성 예제.pdf,pdf,2022-12-06 오후 6:40:38,2022-03-07 오후 9:45:12,2018-11-06 오후 3:57:20
C:\Users\User\Desktop\순천향대학교\2022-2\악성코드분석\악성코드분석\악코분기말.pdf,pdf,2022-12-06 오후 6:40:49,2022-04-16 오후 3:44:20,2022-01-17 오후 1:04:34
C:\Users\User\Desktop\순천향대학교\2022-2\악성코드분석\악성코드분석_10.pdf,pdf,2022-12-06 오후 6:41:39,2022-11-16 오후 12:02:39,2022-11-16 오후 12:02:39
C:\Users\User\Desktop\순천향대학교\2022-2\악성코드분석\악성코드분석_11.pdf,pdf,2022-12-06 오후 6:41:56,2022-11-30 오후 12:08:50,2022-11-30 오후 12:08:50
C:\Users\User\Desktop\순천향대학교\2022-2\악성코드분석\악성코드분석_6.pdf,pdf,2022-12-01 오후 10:20:29,2022-10-12 오후 12:20:47,2022-10-12 오후 12:20:48
C:\Users\User\Desktop\순천향대학교\2022-2\악성코드분석\악성코드분석_7.pptx,pptx,2022-12-01 오후 10:24:47,2022-10-26 오후 12:02:21,2022-10-26 오후 12:02:28
C:\Users\User\Desktop\순천향대학교\2022-2\악성코드분석\악성코드분석_9.pdf,pdf,2022-12-06 오후 6:41:14,2022-11-16 오후 12:01:55,2022-11-16 오후 12:01:56
C:\Users\User\Desktop\순천향대학교\2022-2\전공영어기초1,,2022-12-06 오전 2:06:01,2022-09-13 오전 10:21:51,2022-12-05 오후 7:41:26
C:\Users\User\Desktop\순천향대학교\2022-2\전공영어기초1\Certifications and 3rd Con - (Student).docx,docx,2022-12-01 오후 3:49:11,2022-11-22 오전 9:48:16,2022-11-22 오전 11:23:37
C:\Users\User\Desktop\순천향대학교\2022-2\전공영어기초1\Defence - Student.docx,docx,2022-12-01 오후 3:48:51,2022-11-15 오전 10:03:52,2022-11-22 오전 10:27:03
C:\Users\User\Desktop\순천향대학교\2022-2\전공영어기초1\Exploit Kits and Giving Advice - Student Copy.docx,docx,2022-12-01 오후 3:47:35,2022-11-01 오전 9:56:21,2022-11-01 오전 11:34:01
C:\Users\User\Desktop\순천향대학교\2022-2\전공영어기초1\Grammar Review.docx,docx,2022-12-06 오전 2:06:01,2022-11-29 오전 10:04:28,2022-11-29 오전 11:22:57
C:\Users\User\Desktop\순천향대학교\2022-2\전공영어기초1\Info Sec Jobs and Resumes - Student Copy.docx,docx,2022-12-01 오후 3:47:19,2022-10-25 오전 10:03:00,2022-11-01 오전 10:51:45
C:\Users\User\Desktop\순천향대학교\2022-2\전공영어기초1\New Technologies (Student Copy).docx,docx,2022-12-01 오후 3:49:41,2022-11-29 오전 10:04:43,2022-11-29 오전 10:56:39
C:\Users\User\Desktop\순천향대학교\2022-2\제어시스템보안,,2022-12-07 오전 12:40:30,2022-08-29 오전 10:51:31,2022-09-19 오전 11:27:12
C:\Users\User\Desktop\순천향대학교\2022-2\제어시스템보안\[제어시스템보안] 10. 제어시스템 방화벽 규칙 (NIST 800-82).pdf,pdf,2022-12-07 오전 12:40:30,2022-07-25 오후 4:01:48,2021-11-29 오후 11:45:03
C:\Users\User\Desktop\순천향대학교\2022-2\제어시스템보안\족보,,2022-11-30 오후 6:12:29,2022-08-30 오전 9:56:28,2022-08-30 오전 9:57:08
C:\Users\User\Desktop\순천향대학교\2022-2\제어시스템보안\족보\2021_Control_System\Data\attack_arbid\593.txt,txt,2022-11-25 오후 8:23:24,2022-08-30 오전 9:56:49,2021-12-16 오후 3:59:46
C:\Users\User\Desktop\순천향대학교\2022-2\제어시스템보안\족보\2021_Control_System\Data\attack_arbid\5A6.txt,txt,2022-11-25 오후 8:23:14,2022-08-30 오전 9:56:49,2021-12-16 오후 3:59:46
C:\Users\User\Desktop\순천향대학교\2022-2\제어시스템보안\족보\2021_Control_System\Data\attack_arbid\fix_47F.txt,txt,2022-11-25 오후 8:48:59,2022-08-30 오전 9:56:49,2021-12-17 오후 10:25:21
C:\Users\User\Desktop\순천향대학교\2022-2\제어시스템보안\족보\2021_Control_System\Data\attack_arbid\fix_50A.txt,txt,2022-11-25 오후 8:48:56,2022-08-30 오전 9:56:49,2021-12-17 오후 10:42:19
C:\Users\User\Desktop\순천향대학교\2022-2\제어시스템보안\족보\2021_Control_System\Data\normal_arbid\5BE.txt,txt,2022-11-25 오후 8:23:10,2022-08-30 오전 9:56:49,2021-12-17 오후 8:18:50
C:\Users\User\Desktop\순천향대학교\2022-2\제어시스템보안\족보\2021_Control_System\Data\Range\80million\file80.txt,txt,2022-11-25 오후 8:24:31,2022-08-30 오전 9:56:49,2021-12-17 오후 6:14:34
C:\Users\User\Desktop\순천향대학교\2022-2\제어시스템보안\족보\2021_Control_System\Data\timestamp\result.txt,txt,2022-11-25 오후 8:47:14,2022-08-30 오전 9:56:49,2021-12-17 오후 7:45:18
C:\Users\User\Desktop\순천향대학교\2022-2\제어시스템보안\족보\2021_Control_System\Data\timestamp\total.txt,txt,2022-11-25 오후 9:38:52,2022-08-30 오전 9:56:49,2021-12-17 오후 7:58:31
C:\Users\User\Desktop\순천향대학교\2022-2\피부와생활과건강\피부생활과 건강 족보\피부와 생활건강 19_21 시험 기출문제 모음만점기준\2019년\퀴즈\2019 피부 퀴즈.docx,docx,2022-11-30 오후 3:30:06,2020-09-08 오후 8:51:58,2020-09-08 오후 8:51:58
C:\Users\User\Desktop\순천향대학교\2022-2\피부와생활과건강\피부생활과 건강 족보\피부와 생활건강 19_21 시험 기출문제 모음만점기준\2020년\퀴즈,,2022-11-30 오후 3:30:32,2022-09-20 오전 9:55:04,2022-11-30 오후 3:29:20
C:\Users\User\Desktop\순천향대학교\2022-2\피부와생활과건강\피부생활과 건강 족보\피부와 생활건강 19_21 시험 기출문제 모음만점기준\2020년\퀴즈\2020퀴즈.docx,docx,2022-11-30 오후 3:30:32,2020-09-02 오후 2:12:20,2020-09-02 오후 2:12:20
C:\Users\User\Desktop\순천향대학교\2022-2\피부와생활과건강\피부생활과 건강 족보\피부와 생활건강 19_21 시험 기출문제 모음만점기준\2021년,,2022-11-30 오후 3:29:06,2022-09-20 오전 9:55:04,2022-09-20 오전 9:55:04
C:\Users\User\Desktop\시큐 연초 대회.7z,7z,N / A,N / A,N / A
C:\Users\User\Desktop\시큐 연초 대회\기타\모스부호\DDUDDUDDU.mp3,mp3,2022-03-06 오후 6:09:40,N / A,N / A
C:\Users\User\Desktop\시큐 연초 대회\포렌식문제\파일크기\내파일크기를알려줘.ad1,ad1,N / A,N / A,N / A
"C:\Users\User\Desktop\안병열, 이익규 연구원 프로젝트 내역.hwp",hwp,N / A,N / A,N / A
C:\Users\User\Desktop\암호학 복습 2.mp4,mp4,N / A,N / A,N / A
C:\Users\User\Desktop\암호학.docx,docx,N / A,N / A,N / A
C:\Users\User\Desktop\암호학.docx,docx,N / A,N / A,N / A
C:\Users\User\Desktop\암호학1 복습.mp4,mp4,N / A,N / A,N / A
C:\Users\User\Desktop\열어주세요.ad1,ad1,N / A,N / A,N / A
C:\Users\User\Desktop\영작.txt,txt,N / A,N / A,N / A
C:\Users\User\Desktop\요즘잘자쿨냥이_2022 SCH AI·SW Festival_포스터양식_정보보호학과.pptx,pptx,N / A,N / A,N / A
C:\Users\User\Desktop\운영체제 기말고사.docx,docx,N / A,N / A,N / A
C:\Users\User\Desktop\운영체제 문제.docx,docx,N / A,N / A,N / A
C:\Users\User\Desktop\운영체제.docx,docx,N / A,N / A,N / A
C:\Users\User\Desktop\운영체제보안_레포트과제_20184587_이익규.hwp,hwp,N / A,N / A,N / A
C:\Users\User\Desktop\이수지연구원__프로젝트보고서.hwp,hwp,N / A,N / A,N / A
C:\Users\User\Desktop\이익규+산출물.docx,docx,2022-12-13 오전 11:07:20,2022-12-13 오전 11:07:20,2022-12-13 오전 11:07:20
C:\Users\User\Desktop\이익규_산출물.docx,docx,2022-12-14 오전 12:26:25,2022-12-13 오전 11:07:20,2022-12-13 오전 11:08:26
C:\Users\User\Desktop\이익규_질문지.docx,docx,2022-12-14 오전 12:29:13,2022-12-14 오전 12:24:17,2022-12-14 오전 12:29:13
C:\Users\User\Desktop\자소서 1.hwp,hwp,N / A,N / A,N / A
C:\Users\User\Desktop\자소서 2.hwp,hwp,N / A,N / A,N / A
C:\Users\User\Desktop\자소서 3.hwp,hwp,N / A,N / A,N / A
C:\Users\User\Desktop\자소서 4.hwp,hwp,N / A,N / A,N / A
C:\Users\User\Desktop\정보보호학과_20184587_이익규.docx,docx,N / A,N / A,N / A
C:\Users\User\Desktop\정보보호학과_20184587_이익규.docx,docx,N / A,N / A,N / A
C:\Users\User\Desktop\정보보호학과_20184587_이익규.mp4,mp4,N / A,N / A,N / A
C:\Users\User\Desktop\정보보호학과_2184587_이익규.docx,docx,N / A,N / A,N / A
C:\Users\User\Desktop\정보보호학과_2184587_이익규.docx,docx,N / A,N / A,N / A
C:\Users\User\Desktop\정보보호학회 동계 학술대회 발표 자료.pptx,pptx,N / A,N / A,N / A
C:\Users\User\Desktop\제4기_기술보호_전문가_역량강화교육_자료집.zip,zip,N / A,N / A,N / A
C:\Users\User\Desktop\제목_없음.pdf,pdf,2022-12-07 오전 12:43:47,N / A,N / A
C:\Users\User\Desktop\제목_없음.pdf,pdf,N / A,N / A,N / A
C:\Users\User\Desktop\제어시스템보안 보고서 1.hwp,hwp,2022-11-25 오후 10:01:14,2022-11-25 오후 8:58:10,2022-11-25 오후 10:01:14
C:\Users\User\Desktop\제어시스템보안 보고서 1.hwp,hwp,N / A,N / A,N / A
C:\Users\User\Desktop\준환이.py,py,N / A,N / A,N / A
C:\Users\User\Desktop\준환이2.py,py,N / A,N / A,N / A
C:\Users\User\Desktop\중소기업_기술보호_수준_실태조사_보고서.pdf,pdf,N / A,N / A,N / A
C:\Users\User\Desktop\중소기업기술보호가이드.pdf,pdf,N / A,N / A,N / A
C:\Users\User\Desktop\중소기업기술보호지침.pdf,pdf,N / A,N / A,N / A
C:\Users\User\Desktop\출처.txt,txt,N / A,N / A,N / A
C:\Users\User\Desktop\캡스톤 그림.pptx,pptx,N / A,N / A,N / A
C:\Users\User\Desktop\캡스톤.txt,txt,N / A,N / A,N / A
C:\Users\User\Desktop\캡스톤.zip,zip,N / A,N / A,N / A
C:\Users\User\Desktop\캡스톤2.pptx,pptx,N / A,N / A,N / A
C:\Users\User\Desktop\캡스톤디자인_염흥열교수님_5조_10주차.pptx,pptx,N / A,N / A,N / A
C:\Users\User\Desktop\캡스톤디자인_염흥열교수님_5조_5주차.pptx,pptx,N / A,N / A,N / A
C:\Users\User\Desktop\컴퓨터 네트워크 기말고사.docx,docx,N / A,N / A,N / A
C:\Users\User\Desktop\컴퓨터 네트워크.docx,docx,N / A,N / A,N / A
C:\Users\User\Desktop\코카인팔아요.ad1,ad1,N / A,N / A,N / A
C:\Users\User\Desktop\회전목마.exe,exe,N / A,N / A,N / A
C:\Users\User\Desktop\회전목마.exe,exe,N / A,N / A,N / A
C:\Users\User\Documents\(y1'JHI.jpg,jpg,N / A,2022-12-17 오후 1:23:57,2022-12-17 오후 1:23:57
C:\Users\User\Documents\Virtual Machines\Windows 10 x64\Windows 10 x64.vmx,vmx,N / A,2022-06-28 오후 2:49:35,2022-06-28 오후 2:49:35
C:\Users\User\Documents\카카오톡 받은 파일\사이버공격을 통한 산업기술 유출 현황과 전망.pdf,pdf,N / A,N / A,N / A
C:\Users\User\Documents\카카오톡 받은 파일\중소기업 기술유출사례 및 대응방안연구.pdf.pdf,pdf,N / A,N / A,N / A
C:\Users\User\Downloads,,2022-12-11 오후 2:30:23,2021-10-07 오전 3:20:52,2022-12-11 오후 2:29:50
C:\Users\User\Downloads\(붙임2) 상금 지급 서류_서식.hwp,hwp,N / A,N / A,N / A
C:\Users\User\Downloads\1.HTML,HTML,N / A,N / A,N / A
C:\Users\User\Downloads\2.HTML,HTML,2022-03-04 오후 11:19:39,N / A,N / A
C:\Users\User\Downloads\2022 산업위생학개론 5.en.ko.PDF,PDF,2022-12-08 오전 2:08:02,2022-12-08 오전 2:06:06,2022-12-08 오전 2:06:06
C:\Users\User\Downloads\2022 산업위생학개론 8 aerosol sampling.nso.ko.pdf,pdf,2022-12-08 오전 2:08:03,2022-12-08 오전 2:04:26,2022-12-08 오전 2:04:27
C:\Users\User\Downloads\2022 산업위생학개론 9 gas and vapor sampling.en.ko.pdf,pdf,2022-12-08 오전 2:08:03,2022-12-08 오전 2:03:48,2022-12-08 오전 2:03:48
C:\Users\User\Downloads\9.pdf,pdf,2022-12-08 오후 3:56:47,2022-12-08 오후 2:12:00,2022-12-08 오후 2:12:02
C:\Users\User\Downloads\9022034_cat_duotone_icon.ico,ico,N / A,N / A,N / A
C:\Users\User\Downloads\ART0006_Shell_Bags.json,json,2022-12-11 오후 2:21:32,2022-12-11 오후 2:16:50,2022-12-11 오후 2:16:50
C:\Users\User\Downloads\ART0007_Last_Visited_MRU.json,json,2022-12-11 오후 2:21:43,2022-12-11 오후 2:17:00,2022-12-11 오후 2:17:00
C:\Users\User\Downloads\ART0009_Prefetch.json,json,2022-12-11 오후 2:18:42,2022-12-11 오후 2:17:42,2022-12-11 오후 2:17:42
C:\Users\User\Downloads\ART0022_Shortcut_LNK_Files.json,json,2022-12-11 오후 2:21:16,2022-12-11 오후 2:17:56,2022-12-11 오후 2:17:56
C:\Users\User\Downloads\Collect_Result_9.json,json,2022-12-11 오후 2:29:21,N / A,N / A
C:\Users\User\Downloads\Collect_Result_9.json,json,2022-12-11 오후 2:30:23,2022-12-11 오후 2:28:52,2022-12-11 오후 2:28:52
C:\Users\User\Downloads\df-cat-navigator.xlsx,xlsx,2022-12-11 오후 2:29:52,2022-12-11 오후 2:29:44,2022-12-11 오후 2:29:45
C:\Users\User\Downloads\Easy_Artifact.ad1,ad1,N / A,N / A,N / A
C:\Users\User\Downloads\favicon.ico,ico,N / A,N / A,N / A
C:\Users\User\Downloads\FindMe.exe,exe,N / A,N / A,N / A
C:\Users\User\Downloads\ohli24.net.har,har,2021-10-18 오후 2:09:55,N / A,N / A
C:\Users\User\Downloads\shman-x64,,2022-11-28 오후 2:55:39,2022-11-28 오후 2:49:46,2022-11-28 오후 2:55:37
C:\Users\User\Downloads\shman-x64\d.txt,txt,2022-11-28 오후 2:55:39,2022-11-28 오후 2:55:37,2022-11-28 오후 2:55:37
C:\Users\User\Downloads\student-g3d8074f42_640.jpg,jpg,N / A,N / A,N / A
C:\Users\User\Downloads\subway.jpg,jpg,N / A,N / A,N / A
C:\Users\User\Downloads\sweet3.saz.txt,txt,N / A,N / A,N / A
C:\Users\User\Downloads\umm.umm,umm,2022-03-05 오전 2:12:19,N / A,N / A
C:\Users\User\Downloads\winprefetchview-x64,,2022-12-12 오후 10:11:11,2022-12-12 오후 9:27:32,2022-12-12 오후 9:29:55
C:\Users\User\Downloads\winprefetchview-x64\a.csv,csv,2022-12-12 오후 9:27:56,2022-12-12 오후 9:27:55,2022-12-12 오후 9:27:55
C:\Users\User\Downloads\winprefetchview-x64\b.csv,csv,2022-12-12 오후 10:11:11,2022-12-12 오후 9:29:55,2022-12-12 오후 9:29:55
C:\Users\User\Downloads\내파일크기를알려줘.ad1,ad1,N / A,N / A,N / A
C:\Users\User\Downloads\디지털포렌식_이익규_0276.zip,zip,N / A,N / A,N / A
C:\Users\User\Downloads\미확인 657013.crdownload,crdownload,2021-10-07 오후 9:14:18,N / A,N / A
C:\Users\User\Downloads\이익규-국문-재학증명서-202210261131.pdf,pdf,N / A,2022-10-26 오전 11:31:19,2022-10-26 오전 11:31:20
D:\Windows 7 x64 (Malware Analysis)\Windows 7 x64 (Malware Analysis).vmx,vmx,2022-05-16 오전 3:40:30,2022-05-16 오후 3:56:45,2022-05-16 오후 3:56:45
